<?xml version="1.0" encoding="utf-8"?>
<!--
    Copyright 2011 Google Inc. All Rights Reserved.

    All rights reserved. This program and the accompanying materials
    are made available under the terms of the Eclipse Public License v1.0
    which accompanies this distribution, and is available at
    http://www.eclipse.org/legal/epl-v10.html

    Unless required by applicable law or agreed to in writing, software
    distributed under the License is distributed on an "AS IS" BASIS,
    WITHOUT WARRANTIES OR CONDITIONS OF ANY KIND, either express or implied.
    See the License for the specific language governing permissions and
    limitations under the License.
-->
<appengine-web-app xmlns="http://appengine.google.com/ns/1.0">
    <application>ropushapptest</application>
    <version>1</version>

    <!--
        By default, App Engine sends requests serially to a given web server.
        To allow App Engine to send multiple requests in parallel specify:

            <threadsafe>true</threadsafe>
    -->

    <!-- Configure java.util.logging -->
    <system-properties>
        <property name="java.util.logging.config.file" value="WEB-INF/logging.properties"/>
    </system-properties>

  <!--
    HTTP Sessions are disabled by default. To enable HTTP sessions specify:

      <sessions-enabled>true</sessions-enabled>

    It's possible to reduce request latency by configuring your application to
    asynchronously write HTTP session data to the datastore:

      <async-session-persistence enabled="true" />

    With this feature enabled, there is a very small chance your app will see
    stale session data. For details, see
    http://code.google.com/appengine/docs/java/config/appconfig.html#Enabling_Sessions
  -->

</appengine-web-app>
